player_name,player_id,year,xwoba,xba,xslg,xiso,xobp,brl,brl_percent,exit_velocity,hard_hit_percent,whiff_percent,sprint_speed,k_percent,bb_percent
Nick Gordon,624503,2023,,,,,,,,,,,50,,
Rafael Ortega,542364,2023,,,,,,,,,,,46,,
Luis Guillorme,641645,2023,,,,,,,,,,,11,,
Brett Wisely,689172,2023,,,,,,,,,,,65,,
Nick Gonzales,693304,2023,,,,,,,,,,,86,,
Tyler Soderstrom,691016,2023,,,,,,,,,,,13,,
Alex Kirilloff,666135,2023,,,,,,,,,,,48,,
Emmanuel Rivera,656896,2023,,,,,,,,,,,42,,
Corey Julks,667452,2023,,,,,,,,,,,77,,
Yuli Gurriel,493329,2023,,,,,,,,,,,45,,
Christopher Morel,666624,2023,71,36,85,89,32,77,95,91,92,2,81,10,49
Nick Allen,669397,2023,,,,,,,,,,,65,,
Manuel Margot,622534,2023,,,,,,,,,,,75,,
Ramón Urías,602104,2023,8,14,7,11,12,22,35,49,32,28,34,29,30
Isiah Kiner-Falefa,643396,2023,15,48,9,5,36,3,6,39,40,81,59,66,41
Nolan Gorman,669357,2023,80,24,87,94,56,81,97,77,86,5,30,6,83
Brandon Lowe,664040,2023,69,22,68,81,61,48,69,83,83,14,51,22,84
Cole Tucker,657061,2023,,,,,,,,,,,75,,
Cal Stevenson,670276,2023,,,,,,,,,,,23,,
Abraham Almonte,501659,2023,,,,,,,,,,,29,,
Robbie Grossman,543257,2023,25,12,10,17,58,22,34,28,27,77,62,38,92
Miguel Cabrera,408234,2023,18,36,16,12,32,7,11,44,29,46,1,61,49
Kevin Padlo,656821,2023,,,,,,,,,,,1,,
Jacob Amaya,676070,2023,,,,,,,,,,,25,,
Willi Castro,650489,2023,21,21,16,20,41,22,34,9,12,35,82,34,47
Anthony Bemboom,621532,2023,,,,,,,,,,,14,,
Manny Piña,444489,2023,,,,,,,,,,,2,,
Pete Crow-Armstrong,691718,2023,,,,,,,,,,,98,,
Forrest Wall,657088,2023,,,,,,,,,,,72,,
Alexander Canario,672744,2023,,,,,,,,,,,14,,
Brandon Marsh,669016,2023,45,21,27,39,67,37,56,81,87,39,82,11,88
Mike Moustakas,519058,2023,2,7,11,23,2,15,23,42,31,39,9,32,18
Harrison Bader,664056,2023,13,24,23,28,6,11,20,4,11,52,85,81,6
Freddie Freeman,518692,2023,98,99,98,90,98,92,72,63,58,75,34,83,68
Jake Fraley,641584,2023,54,61,35,27,77,19,30,1,9,57,69,71,65
Riley Greene,682985,2023,89,92,88,76,80,54,74,85,82,32,71,21,49
Ryan Kreidler,668952,2023,,,,,,,,,,,62,,
Weston Wilson,642215,2023,,,,,,,,,,,45,,
Luke Williams,663897,2023,,,,,,,,,,,76,,
Ryan O'Hearn,656811,2023,49,66,76,71,16,45,64,89,94,62,60,47,2
Abraham Toro,647351,2023,,,,,,,,,,,38,,
Ben Gamel,592325,2023,,,,,,,,,,,54,,
Brian Serven,661531,2023,,,,,,,,,,,9,,
Chris Owings,572008,2023,,,,,,,,,,,36,,
Cooper Hummel,669450,2023,,,,,,,,,,,48,,
Vinny Capra,681962,2023,,,,,,,,,,,58,,
Juniel Querecuto,578570,2023,,,,,,,,,,,36,,
Greg Allen,656185,2023,,,,,,,,,,,40,,
Johan Camargo,622666,2023,,,,,,,,,,,3,,
Jeff McNeil,643446,2023,14,42,9,4,35,2,2,5,5,98,51,99,18
Isan Díaz,656371,2023,,,,,,,,,,,1,,
Peyton Burdick,680814,2023,,,,,,,,,,,62,,
Josh Lester,623507,2023,,,,,,,,,,,16,,
Yonny Hernández,660634,2023,,,,,,,,,,,12,,
Drew Ellis,656403,2023,,,,,,,,,,,46,,
Tommy La Stella,600303,2023,,,,,,,,,,,3,,
Joc Pederson,592626,2023,90,66,82,81,92,62,79,91,96,52,27,59,91
Dalton Guthrie,656495,2023,,,,,,,,,,,82,,
Kyle Garlick,664247,2023,,,,,,,,,,,22,,
Canaan Smith-Njigba,675986,2023,,,,,,,,,,,15,,
Alec Burleson,676475,2023,65,85,68,52,58,17,26,60,51,91,12,95,26
Sean Murphy,669221,2023,96,82,95,95,96,82,96,84,75,45,18,46,82
Gabriel Moreno,672515,2023,33,69,26,14,52,9,16,59,56,81,46,64,39
Francisco Alvarez,682626,2023,22,2,47,80,5,66,84,65,72,15,26,25,42
Jason Heyward,518792,2023,38,42,38,39,49,30,47,20,28,74,43,82,57
Bobby Witt Jr.,677951,2023,91,95,95,88,68,96,76,74,73,64,100,79,16
Nathan Lukes,664770,2023,,,,,,,,,,,42,,
José Tena,677588,2023,,,,,,,,,,,36,,
Buddy Kennedy,671083,2023,,,,,,,,,,,95,,
Austin Meadows,640457,2023,,,,,,,,,,,18,,
Kyle Stowers,669065,2023,,,,,,,,,,,15,,
Bligh Madris,676632,2023,,,,,,,,,,,21,,
Luis Torrens,620443,2023,,,,,,,,,,,26,,
Jordan Lawlar,691783,2023,,,,,,,,,,,99,,
Heston Kjerstad,677008,2023,,,,,,,,,,,64,,
Brendan Donovan,680977,2023,80,91,63,35,89,17,25,50,49,96,42,91,56
Logan Porter,682515,2023,,,,,,,,,,,39,,
Bobby Dalbec,666915,2023,,,,,,,,,,,69,,
Anthony Rizzo,519203,2023,38,35,29,32,56,25,35,63,28,48,4,42,47
Sandy León,506702,2023,,,,,,,,,,,1,,
Marco Luciano,682617,2023,,,,,,,,,,,43,,
Tyler Fitzgerald,666149,2023,,,,,,,,,,,99,,
Jace Peterson,607054,2023,10,7,5,12,27,9,14,3,6,52,66,37,80
Jasson Domínguez,691176,2023,,,,,,,,,,,76,,
David Hamilton,666152,2023,,,,,,,,,,,92,,
Yasmani Grandal,518735,2023,9,10,5,10,16,9,14,22,18,50,1,56,56
TJ Hopkins,686759,2023,,,,,,,,,,,89,,
Jordyn Adams,677941,2023,,,,,,,,,,,92,,
Taylor Trammell,666211,2023,,,,,,,,,,,44,,
Drew Millas,686452,2023,,,,,,,,,,,80,,
Eguy Rosario,666703,2023,,,,,,,,,,,74,,
Kyren Paris,677347,2023,,,,,,,,,,,93,,
Cody Thomas,642137,2023,,,,,,,,,,,74,,
Sean Bouchard,656248,2023,,,,,,,,,,,48,,
Blake Rutherford,666164,2023,,,,,,,,,,,45,,
Travis Blankenhorn,663905,2023,,,,,,,,,,,11,,
Oneil Cruz,665833,2023,,,,,,,,,,,84,,
Joey Ortiz,687401,2023,,,,,,,,,,,71,,
Jack Suwinski,669261,2023,74,8,75,91,67,82,94,72,64,22,81,5,94
Alex Bregman,608324,2023,77,69,54,44,89,50,21,36,33,98,24,96,89
Sam Huff,669087,2023,,,,,,,,,,,24,,
Coco Montes,663796,2023,,,,,,,,,,,56,,
J.P. Martínez,679881,2023,,,,,,,,,,,85,,
Junior Caminero,691406,2023,,,,,,,,,,,83,,
Iván Herrera,671056,2023,,,,,,,,,,,35,,
Taylor Ward,621493,2023,66,48,54,55,72,32,48,74,65,72,65,65,61
Óscar Mercado,640458,2023,,,,,,,,,,,72,,
Spencer Horwitz,687462,2023,,,,,,,,,,,8,,
Andre Lipcius,686531,2023,,,,,,,,,,,8,,
Brett Phillips,621433,2023,,,,,,,,,,,68,,
Grae Kessinger,666197,2023,,,,,,,,,,,32,,
Trey Cabbage,663550,2023,,,,,,,,,,,77,,
Adam Haseley,656514,2023,,,,,,,,,,,65,,
Andrew Stevenson,664057,2023,,,,,,,,,,,93,,
Bryce Johnson,669369,2023,,,,,,,,,,,86,,
Tyler Heineman,623168,2023,,,,,,,,,,,14,,
Jared Young,676724,2023,,,,,,,,,,,79,,
Kyle Lewis,641786,2023,,,,,,,,,,,15,,
Nico Hoerner,663538,2023,29,80,12,4,68,6,2,10,16,99,80,96,35
Wade Meckler,685133,2023,,,,,,,,,,,95,,
Yainer Diaz,673237,2023,84,92,96,93,35,66,79,69,65,37,56,65,1
Nate Eaton,681987,2023,,,,,,,,,,,97,,
Luis Arraez,650333,2023,80,100,72,18,90,25,9,29,3,100,21,100,15
José Ramírez,608070,2023,83,96,81,61,92,70,37,63,47,94,61,98,77
Jorge Alfaro,595751,2023,,,,,,,,,,,80,,
Darin Ruf,573131,2023,,,,,,,,,,,9,,
Jo Adell,666176,2023,,,,,,,,,,,90,,
Kevin Kiermaier,595281,2023,17,58,11,6,43,6,9,11,15,20,87,56,35
Chas McCormick,676801,2023,69,35,71,78,56,61,72,23,37,28,72,28,54
Andy Ibáñez,628451,2023,56,77,67,54,43,42,55,44,61,65,46,77,23
Ezequiel Duran,677649,2023,42,53,57,58,25,40,52,65,65,29,91,22,9
Jonny Deluca,676356,2023,,,,,,,,,,,97,,
Jose Altuve,514888,2023,56,32,44,53,64,37,49,5,10,84,37,80,78
Heliot Ramos,671218,2023,,,,,,,,,,,39,,
Derek Hill,656537,2023,,,,,,,,,,,97,,
Jake Lamb,571875,2023,,,,,,,,,,,6,,
Darick Hall,669742,2023,,,,,,,,,,,2,,
Tim Locastro,641796,2023,,,,,,,,,,,93,,
Edward Olivares,658668,2023,66,75,70,63,52,32,44,15,30,64,83,83,15
J.D. Martinez,502110,2023,91,77,96,97,49,89,98,98,98,7,19,9,35
Garrett Cooper,643265,2023,37,44,54,57,23,54,66,42,52,19,25,14,30
Jason Vosler,613564,2023,,,,,,,,,,,16,,
Franmil Reyes,614177,2023,,,,,,,,,,,30,,
Alek Thomas,677950,2023,13,42,20,14,11,15,18,40,53,48,87,55,4
Tyler Wade,642180,2023,,,,,,,,,,,89,,
Carlos Pérez,656024,2023,,,,,,,,,,,20,,
Andrew McCutchen,457705,2023,79,56,40,36,96,26,34,57,70,38,77,56,99
Sam Hilliard,656541,2023,,,,,,,,,,,90,,
Bubba Thompson,669352,2023,,,,,,,,,,,100,,
Terrin Vavra,679631,2023,,,,,,,,,,,59,,
Evan Carter,694497,2023,,,,,,,,,,,96,,
Donovan Solano,456781,2023,77,90,53,32,90,22,27,68,65,46,10,49,56
Brent Rooker,667670,2023,71,24,80,89,47,85,93,85,91,1,41,4,60
Juan Yepez,660766,2023,,,,,,,,,,,13,,
Garrett Mitchell,669003,2023,,,,,,,,,,,94,,
Colton Cowser,681297,2023,,,,,,,,,,,64,,
Samad Taylor,669392,2023,,,,,,,,,,,91,,
Luke Voit,572228,2023,,,,,,,,,,,6,,
Tomás Nido,621512,2023,,,,,,,,,,,5,,
Estevan Florial,664314,2023,,,,,,,,,,,94,,
Clint Frazier,640449,2023,,,,,,,,,,,59,,
Jonathan Araúz,660620,2023,,,,,,,,,,,20,,
Franchy Cordero,614173,2023,,,,,,,,,,,53,,
José Fermín,665877,2023,,,,,,,,,,,66,,
Taylor Motter,600301,2023,,,,,,,,,,,29,,
Korey Lee,686676,2023,,,,,,,,,,,66,,
Michael Busch,683737,2023,,,,,,,,,,,39,,
Brad Miller,543543,2023,,,,,,,,,,,16,,
Alex Call,669743,2023,15,7,5,14,43,17,20,13,8,86,87,77,86
Mark Mathias,664029,2023,,,,,,,,,,,60,,
Matt Beaty,607461,2023,,,,,,,,,,,11,,
Ernie Clement,676391,2023,,,,,,,,,,,76,,
Conner Capel,668843,2023,,,,,,,,,,,40,,
Hunter Goodman,696100,2023,,,,,,,,,,,55,,
Michael Conforto,624424,2023,55,32,43,49,72,37,44,40,43,50,21,44,82
Connor Joe,656582,2023,54,39,37,39,71,40,48,40,56,60,43,38,77
Kerry Carpenter,681481,2023,63,56,74,73,49,58,65,65,67,39,70,29,33
Ben Rortvedt,666163,2023,,,,,,,,,,,17,,
Dane Myers,667472,2023,,,,,,,,,,,89,,
David Hensley,682073,2023,,,,,,,,,,,46,,
Triston Casas,671213,2023,92,47,89,91,86,76,86,77,80,33,6,29,93
Brandon Dixon,641525,2023,,,,,,,,,,,78,,
Danny Mendick,664901,2023,,,,,,,,,,,11,,
Jordan Luplow,656669,2023,,,,,,,,,,,57,,
James Outman,681546,2023,51,16,31,46,67,63,72,22,44,2,88,6,86
Elvis Andrus,462101,2023,1,18,2,2,7,3,4,18,9,78,29,78,21
Ronald Acuña Jr.,660670,2023,100,100,100,99,100,100,93,100,98,84,65,97,80
Nick Loftin,679845,2023,,,,,,,,,,,47,,
Yan Gomes,543228,2023,44,62,40,32,36,37,43,16,22,56,22,67,7
Charlie Blackmon,453568,2023,67,75,39,25,83,15,17,8,11,81,54,95,61
Shea Langeliers,669127,2023,17,5,49,78,4,77,88,73,69,14,78,14,32
Michael Brantley,488726,2023,,,,,,,,,,,10,,
Wilyer Abreu,677800,2023,,,,,,,,,,,35,,
Everson Pereira,677592,2023,,,,,,,,,,,66,,
Mike Brosseau,670712,2023,,,,,,,,,,,56,,
Henry Ramos,592656,2023,,,,,,,,,,,39,,
Marcus Semien,543760,2023,60,62,51,44,67,68,30,32,26,90,85,91,64
Hunter Dozier,641531,2023,,,,,,,,,,,76,,
Andrew Velazquez,623205,2023,,,,,,,,,,,77,,
Michael Stefanic,683021,2023,,,,,,,,,,,17,,
Cedric Mullins,656775,2023,11,14,11,17,17,26,30,40,26,51,68,49,61
Brayan Rocchio,677587,2023,,,,,,,,,,,52,,
Cade Marlowe,687799,2023,,,,,,,,,,,88,,
Luken Baker,663609,2023,,,,,,,,,,,5,,
Ceddanne Rafaela,678882,2023,,,,,,,,,,,84,,
Vidal Bruján,660644,2023,,,,,,,,,,,36,,
Nick Martini,605361,2023,,,,,,,,,,,45,,
Jonathan Aranda,666018,2023,,,,,,,,,,,21,,
Austin Wells,669224,2023,,,,,,,,,,,34,,
Jake Marisnick,545350,2023,,,,,,,,,,,87,,
Michael Chavis,656308,2023,,,,,,,,,,,83,,
Cristian Pache,665506,2023,,,,,,,,,,,62,,
Matt Mervis,670223,2023,,,,,,,,,,,5,,
Steven Kwan,680757,2023,36,88,13,1,81,2,1,5,1,100,69,98,65
Romy Gonzalez,663853,2023,,,,,,,,,,,94,,
Jared Walsh,665120,2023,,,,,,,,,,,24,,
Brice Turang,668930,2023,4,12,2,7,11,4,5,2,4,71,96,58,52
Curt Casali,592200,2023,,,,,,,,,,,2,,
Carter Kieboom,666198,2023,,,,,,,,,,,28,,
Luis Rengifo,650859,2023,47,35,37,40,53,37,40,44,25,53,50,73,59
Jon Berti,542932,2023,49,87,42,19,61,15,14,2,10,79,95,74,30
Vaughn Grissom,687093,2023,,,,,,,,,,,44,,
Curtis Mead,678554,2023,,,,,,,,,,,33,,
Osleivis Basabe,678545,2023,,,,,,,,,,,81,,
Jordan Walker,691023,2023,58,72,49,40,64,37,39,52,59,23,81,46,42
Yonathan Daza,602074,2023,,,,,,,,,,,54,,
Brett Sullivan,664954,2023,,,,,,,,,,,50,,
Mike Zunino,572287,2023,,,,,,,,,,,19,,
Willson Contreras,575929,2023,93,86,85,78,90,73,79,81,81,27,35,46,74
Trent Grisham,663757,2023,45,8,31,57,59,70,77,69,45,31,59,20,92
Jonathan Davis,641505,2023,,,,,,,,,,,89,,
Joey Bart,663698,2023,,,,,,,,,,,28,,
Xavier Edwards,669364,2023,,,,,,,,,,,75,,
Yordan Alvarez,670541,2023,99,97,99,99,99,92,99,96,96,66,24,72,93
Alika Williams,675961,2023,,,,,,,,,,,73,,
Ryan Mountcastle,663624,2023,81,80,89,85,61,73,79,83,70,31,73,43,41
Tucker Barnhart,571466,2023,,,,,,,,,,,1,,
Avisaíl García,541645,2023,,,,,,,,,,,74,,
Jonah Bride,681146,2023,,,,,,,,,,,44,,
Jon Singleton,572138,2023,,,,,,,,,,,19,,
René Pinto,650907,2023,,,,,,,,,,,38,,
Eric Hosmer,543333,2023,,,,,,,,,,,7,,
Ronny Mauricio,677595,2023,,,,,,,,,,,60,,
Tommy Pham,502054,2023,85,90,79,67,85,66,69,93,89,60,61,51,67
Miguel Andujar,609280,2023,,,,,,,,,,,58,,
David Fry,681807,2023,,,,,,,,,,,42,,
Ji Man Choi,596847,2023,,,,,,,,,,,7,,
Tyler Nevin,663527,2023,,,,,,,,,,,13,,
Harold Ramírez,623912,2023,38,77,42,28,37,15,13,44,50,33,63,74,8
Hanser Alberto,593643,2023,,,,,,,,,,,9,,
José Azocar,640492,2023,,,,,,,,,,,97,,
David Peralta,444482,2023,28,82,34,17,29,17,17,50,68,65,39,81,4
Yu Chang,644374,2023,,,,,,,,,,,74,,
Dominic Fletcher,666150,2023,,,,,,,,,,,30,,
Davis Schneider,676914,2023,,,,,,,,,,,52,,
Josh Jung,673962,2023,65,59,82,82,27,73,77,87,82,23,36,14,16
Tony Kemp,643393,2023,16,30,2,2,59,1,1,11,1,97,20,100,76
Alejandro Kirk,672386,2023,42,53,25,20,71,19,19,19,33,99,2,98,70
Jesús Aguilar,542583,2023,,,,,,,,,,,1,,
Alfonso Rivas,663845,2023,,,,,,,,,,,38,,
Sam Haggerty,664059,2023,,,,,,,,,,,93,,
Lars Nootbaar,663457,2023,81,68,60,49,91,50,53,44,30,88,62,64,95
Tyler Stephenson,663886,2023,33,31,32,38,37,40,40,52,65,30,38,25,58
Trayce Thompson,572204,2023,,,,,,,,,,,51,,
Jose Herrera,645444,2023,,,,,,,,,,,10,,
Jackie Bradley Jr.,598265,2023,,,,,,,,,,,43,,
Michael Massey,686681,2023,38,59,55,51,22,42,43,36,41,66,49,54,9
J.D. Davis,605204,2023,47,32,42,46,51,61,60,77,72,9,14,19,61
Max Muncy,571970,2023,87,22,90,96,81,87,90,79,80,25,37,24,96
David Villar,681584,2023,,,,,,,,,,,17,,
Max Kepler,596146,2023,85,77,89,86,76,77,79,89,83,79,52,54,59
Wil Myers,571976,2023,,,,,,,,,,,64,,
David Fletcher,664058,2023,,,,,,,,,,,23,,
Geraldo Perdomo,672695,2023,5,2,1,1,37,1,1,3,1,96,48,79,91
Richie Palacios,680700,2023,,,,,,,,,,,68,,
Randal Grichuk,545341,2023,47,64,48,43,41,37,37,57,72,41,53,60,21
Josh Harrison,543281,2023,,,,,,,,,,,31,,
Garrett Stubbs,596117,2023,,,,,,,,,,,71,,
LaMonte Wade Jr.,664774,2023,86,68,70,66,94,58,56,32,43,74,19,73,96
Bryce Harper,547180,2023,97,93,93,88,98,89,92,87,81,11,54,52,96
Ryan McKenna,663630,2023,,,,,,,,,,,85,,
Jacob Young,696285,2023,,,,,,,,,,,98,,
Miguel Rojas,500743,2023,10,44,7,4,25,6,5,15,13,93,27,97,19
Parker Meadows,678009,2023,,,,,,,,,,,90,,
Noelvi Marte,682622,2023,,,,,,,,,,,91,,
Dylan Moore,664238,2023,,,,,,,,,,,58,,
Kevin Smith,675656,2023,,,,,,,,,,,50,,
Lawrence Butler,671732,2023,,,,,,,,,,,53,,
Josh Lowe,666139,2023,69,85,81,74,45,70,70,44,42,20,86,32,21
Wilmer Flores,527038,2023,60,53,62,60,59,45,43,8,13,94,4,93,57
Billy McKinney,641856,2023,,,,,,,,,,,43,,
Nolan Schanuel,694384,2023,,,,,,,,,,,36,,
Jose Barrero,676480,2023,,,,,,,,,,,58,,
Matt Chapman,656305,2023,65,16,71,84,48,95,98,98,100,18,80,16,78
Michael Toglia,669911,2023,,,,,,,,,,,67,,
Matthew Batten,676946,2023,,,,,,,,,,,81,,
Jake Burger,669394,2023,83,75,91,89,54,92,98,89,91,7,67,21,17
Miguel Amaya,665804,2023,,,,,,,,,,,19,,
Victor Robles,645302,2023,,,,,,,,,,,68,,
Dairon Blanco,680118,2023,,,,,,,,,,,100,,
Adam Frazier,624428,2023,18,61,14,8,41,7,6,3,2,84,31,89,33
Austin Wynns,642851,2023,,,,,,,,,,,5,,
Jonathan India,663697,2023,67,44,47,51,79,45,42,55,35,68,62,60,67
Carson Kelly,608348,2023,,,,,,,,,,,13,,
Cam Gallagher,595956,2023,,,,,,,,,,,10,,
Nelson Cruz,443558,2023,,,,,,,,,,,5,,
Brandon Drury,592273,2023,37,44,64,66,16,73,70,60,77,20,39,25,5
Blake Perkins,663368,2023,,,,,,,,,,,99,,
Kody Clemens,665019,2023,,,,,,,,,,,55,,
Esteury Ruiz,665923,2023,3,21,2,2,9,4,4,1,1,47,97,62,2
Riley Adams,656180,2023,,,,,,,,,,,23,,
J.T. Realmuto,592663,2023,61,48,75,75,34,76,74,59,64,43,84,28,24
Zach McKinstry,656716,2023,30,36,31,32,37,45,40,14,16,75,80,52,52
Cal Raleigh,663728,2023,55,20,77,86,25,84,83,55,51,23,40,19,61
Jonathan Schoop,570731,2023,,,,,,,,,,,38,,
Rougned Odor,596059,2023,,,,,,,,,,,37,,
Masyn Winn,691026,2023,,,,,,,,,,,92,,
Shohei Ohtani,660271,2023,99,95,99,100,98,99,100,99,97,12,63,35,98
Enmanuel Valdez,665839,2023,,,,,,,,,,,28,,
Chad Wallach,595453,2023,,,,,,,,,,,3,,
Austin Nola,543592,2023,,,,,,,,,,,25,,
Luis Urías,649966,2023,,,,,,,,,,,19,,
Zach Remillard,621545,2023,,,,,,,,,,,78,,
Trevor Story,596115,2023,,,,,,,,,,,86,,
Tom Murphy,608596,2023,,,,,,,,,,,20,,
AJ Pollock,572041,2023,,,,,,,,,,,87,,
Eddie Rosario,592696,2023,36,48,60,60,21,63,59,36,19,23,65,36,26
Miles Mastrobuoni,670156,2023,,,,,,,,,,,83,,
Maikel Garcia,672580,2023,38,82,29,13,56,11,10,87,93,82,73,47,37
Ryan McMahon,641857,2023,62,32,66,72,54,77,75,75,68,13,16,7,79
Omar Narváez,553882,2023,,,,,,,,,,,3,,
DJ Stewart,621466,2023,,,,,,,,,,,25,,
Mark Canha,592192,2023,47,39,24,22,77,19,14,22,24,86,63,87,65
Jonah Heim,641680,2023,49,53,58,58,37,50,46,49,34,66,15,67,42
Seby Zavala,664874,2023,,,,,,,,,,,26,,
Eloy Jiménez,650391,2023,33,56,49,47,22,63,58,75,81,23,30,70,19
Raimel Tapia,606132,2023,,,,,,,,,,,83,,
MJ Melendez,669004,2023,51,22,55,71,37,81,75,96,91,7,54,18,74
Jake Cronenworth,630105,2023,22,26,18,20,45,17,12,16,15,93,74,72,54
Jorge Soler,624585,2023,93,62,94,96,82,91,91,81,84,37,32,33,83
Nelson Velázquez,676369,2023,,,,,,,,,,,48,,
Johan Rojas,679032,2023,,,,,,,,,,,96,,
Trevor Larnach,663616,2023,,,,,,,,,,,33,,
Matt Vierling,663837,2023,45,69,31,19,64,19,13,44,60,83,91,56,47
Willie Calhoun,641432,2023,,,,,,,,,,,8,,
Francisco Mejía,642336,2023,,,,,,,,,,,22,,
Jesse Winker,608385,2023,,,,,,,,,,,1,,
Elias Díaz,553869,2023,15,32,21,20,15,32,28,25,33,30,8,46,24
Josh Donaldson,518626,2023,,,,,,,,,,,6,,
Corey Dickerson,572816,2023,,,,,,,,,,,32,,
Tim Anderson,641313,2023,7,44,5,2,13,7,5,20,40,47,45,38,7
Kyle Schwarber,656941,2023,87,10,84,95,86,96,96,94,88,16,7,12,99
Jose Miranda,669304,2023,,,,,,,,,,,33,,
Jurickson Profar,595777,2023,25,36,10,9,54,15,10,9,12,78,13,80,64
Enrique Hernández,571771,2023,4,12,7,11,4,19,12,20,17,60,37,69,28
DJ LeMahieu,518934,2023,45,51,29,25,70,30,26,57,61,81,12,49,78
Jared Triolo,669707,2023,,,,,,,,,,,77,,
Jake Alu,666906,2023,,,,,,,,,,,70,,
Hunter Renfroe,592669,2023,11,14,16,27,10,32,27,29,39,42,35,43,42
Luis Robert Jr.,673357,2023,76,58,91,93,29,92,93,44,58,10,84,14,7
Thairo Estrada,642731,2023,14,39,19,16,14,22,16,4,17,72,69,44,3
Will Brennan,686823,2023,22,91,22,5,43,4,3,3,7,88,75,95,1
Anthony Volpe,683011,2023,22,16,28,43,20,63,55,37,61,33,79,19,54
Wander Franco,677551,2023,87,97,83,63,87,50,42,52,61,96,53,93,53
Myles Straw,664702,2023,4,28,1,1,20,1,1,7,2,98,92,71,44
Kole Calhoun,594777,2023,,,,,,,,,,,8,,
Oswald Peraza,672724,2023,,,,,,,,,,,84,,
Anthony Rendon,543685,2023,,,,,,,,,,,31,,
Matt Carpenter,572761,2023,,,,,,,,,,,10,,
Jason Delay,641511,2023,,,,,,,,,,,29,,
Tyler Freeman,671289,2023,,,,,,,,,,,82,,
Jeimer Candelario,600869,2023,37,24,39,49,48,54,44,29,22,56,53,51,59
Austin Slater,596103,2023,,,,,,,,,,,60,,
Oscar Gonzalez,660757,2023,,,,,,,,,,,68,,
Lenyn Sosa,672820,2023,,,,,,,,,,,57,,
Austin Hays,669720,2023,28,30,45,57,14,63,54,52,46,31,53,30,28
Adolis García,666969,2023,90,42,93,96,63,97,96,91,92,16,49,20,74
Carlos Correa,621043,2023,55,47,46,47,64,68,60,71,75,47,33,44,72
Luke Maile,571912,2023,,,,,,,,,,,18,,
Will Smith,669257,2023,78,62,58,53,88,42,32,50,53,82,45,86,83
Carlos Pérez,542208,2023,,,,,,,,,,,5,,
Jake Cave,595909,2023,,,,,,,,,,,57,,
Javier Báez,595879,2023,9,26,14,14,6,26,19,23,42,12,71,42,3
Matt Wallner,670242,2023,,,,,,,,,,,67,,
Isaac Paredes,670623,2023,35,16,17,26,64,32,26,13,6,88,20,74,72
Orlando Arcia,606115,2023,26,36,33,36,23,45,35,28,52,55,16,69,37
Liover Peguero,678894,2023,,,,,,,,,,,95,,
Logan O'Hoppe,681351,2023,,,,,,,,,,,63,,
Josh Naylor,647304,2023,74,95,80,63,74,61,48,44,53,79,16,94,28
Jose Trevino,624431,2023,,,,,,,,,,,3,,
Seiya Suzuki,673548,2023,82,89,77,65,85,77,68,83,84,72,79,47,71
Reese McGuire,624512,2023,,,,,,,,,,,17,,
Brendan Rodgers,663898,2023,,,,,,,,,,,26,,
Ke'Bryan Hayes,663647,2023,49,80,64,46,31,50,39,93,85,72,43,63,10
Austin Barnes,605131,2023,,,,,,,,,,,29,,
Endy Rodríguez,682848,2023,,,,,,,,,,,61,,
Willy Adames,642715,2023,62,28,60,70,59,87,82,16,23,18,55,26,82
Mike Ford,645801,2023,,,,,,,,,,,4,,
Luis García,671277,2023,27,64,37,28,21,32,25,29,23,90,47,96,13
Corey Seager,608369,2023,98,99,98,98,95,95,92,96,96,48,23,84,58
Eugenio Suárez,553993,2023,49,12,44,70,37,89,87,69,61,11,26,10,71
Joey Gallo,608336,2023,,,,,,,,,,,31,,
Daulton Varsho,662139,2023,19,19,30,41,15,50,38,20,21,53,69,40,39
Dominic Canzone,686527,2023,,,,,,,,,,,34,,
Evan Longoria,446334,2023,,,,,,,,,,,22,,
Marcell Ozuna,542303,2023,96,89,98,98,82,98,98,87,88,41,28,44,64
Luis Campusano,669134,2023,,,,,,,,,,,14,,
Josh H. Smith,669701,2023,,,,,,,,,,,79,,
Randy Arozarena,668227,2023,77,31,58,68,86,87,82,86,85,26,78,35,87
Mauricio Dubón,643289,2023,20,84,26,11,23,22,12,14,8,91,71,92,1
Leody Taveras,665750,2023,38,75,39,23,43,50,38,65,63,56,92,56,23
Bo Naylor,666310,2023,,,,,,,,,,,51,,
Pavin Smith,656976,2023,,,,,,,,,,,21,,
Nick Ahmed,605113,2023,,,,,,,,,,,70,,
Joey Votto,458015,2023,,,,,,,,,,,12,,
Tommy Edman,669242,2023,30,62,27,18,45,26,18,44,37,93,88,86,26
Mitch Haniger,571745,2023,,,,,,,,,,,34,,
Gunnar Henderson,683002,2023,74,61,78,78,58,85,75,91,95,42,85,28,57
Mark Vientos,668901,2023,,,,,,,,,,,24,,
Kevin Pillar,607680,2023,,,,,,,,,,,72,,
Jake Bauers,641343,2023,,,,,,,,,,,47,,
Pablo Reyes,622569,2023,,,,,,,,,,,64,,
Austin Hedges,595978,2023,,,,,,,,,,,4,,
Michael Harris II,671739,2023,82,98,85,65,74,77,63,75,86,54,86,71,4
Christian Encarnacion-Strand,687952,2023,,,,,,,,,,,55,,
Christian Arroyo,624414,2023,,,,,,,,,,,59,,
TJ Friedl,670770,2023,11,28,2,2,37,9,7,11,5,88,74,85,52
Rodolfo Castro,666801,2023,,,,,,,,,,,50,,
Matt Duffy,622110,2023,,,,,,,,,,,41,,
Stuart Fairchild,656413,2023,,,,,,,,,,,92,,
James McCann,543510,2023,,,,,,,,,,,20,,
Jordan Westburg,676059,2023,,,,,,,,,,,88,,
Salvador Perez,521692,2023,51,69,74,68,23,67,53,65,67,20,3,38,1
Christian Yelich,592885,2023,83,86,70,54,91,70,58,86,93,40,70,49,87
Sal Frelick,686217,2023,,,,,,,,,,,82,,
Henry Davis,680779,2023,,,,,,,,,,,72,,
Rob Refsnyder,608701,2023,,,,,,,,,,,41,,
Stone Garrett,656448,2023,,,,,,,,,,,79,,
Dansby Swanson,621020,2023,72,51,72,74,68,84,70,50,42,28,77,34,74
Amed Rosario,642708,2023,22,77,23,9,32,11,8,29,40,63,95,74,10
J.P. Crawford,641487,2023,68,59,25,16,93,26,16,29,21,86,35,65,96
Zack Short,670097,2023,,,,,,,,,,,70,,
Victor Caratini,605170,2023,,,,,,,,,,,7,,
Patrick Wisdom,621550,2023,,,,,,,,,,,58,,
Garrett Hampson,641658,2023,,,,,,,,,,,98,,
Alan Trejo,676701,2023,,,,,,,,,,,27,,
Trey Mancini,641820,2023,,,,,,,,,,,10,,
José Abreu,547989,2023,33,39,40,41,29,67,52,42,53,42,11,52,35
Josh Bell,605137,2023,72,64,71,68,72,81,64,65,61,46,17,53,72
William Contreras,661388,2023,62,51,56,58,68,73,58,81,87,35,30,60,74
Royce Lewis,668904,2023,,,,,,,,,,,73,,
Andrew Knizner,668800,2023,,,,,,,,,,,15,,
Ezequiel Tovar,678662,2023,13,39,25,25,5,63,47,23,21,17,70,23,2
Pete Alonso,624413,2023,91,35,93,97,76,97,91,55,46,43,18,42,68
Teoscar Hernández,606192,2023,63,56,79,82,26,92,88,81,90,3,82,9,13
Ha-Seong Kim,673490,2023,32,32,13,11,70,22,11,7,3,91,79,63,86
Cody Bellinger,641355,2023,53,74,57,44,52,42,27,22,10,77,75,87,36
José Caballero,676609,2023,,,,,,,,,,,90,,
Freddy Fermin,666023,2023,,,,,,,,,,,41,,
Tyler O'Neill,641933,2023,,,,,,,,,,,80,,
Nick Pratto,668472,2023,6,2,8,19,8,11,47,18,57,6,25,1,49
Kyle Higashioka,543309,2023,,,,,,,,,,,12,,
Tucupita Marcano,672779,2023,,,,,,,,,,,56,,
Dylan Carlson,666185,2023,,,,,,,,,,,58,,
Kolten Wong,543939,2023,,,,,,,,,,,34,,
Gary Sánchez,596142,2023,,,,,,,,,,,6,,
Elehuris Montero,660707,2023,,,,,,,,,,,32,,
Tyrone Taylor,621438,2023,,,,,,,,,,,86,,
Ian Happ,664023,2023,77,48,51,52,89,73,55,60,37,47,61,51,95
Yandy Díaz,650490,2023,95,98,84,61,97,77,59,98,97,86,31,86,79
Oscar Colás,693049,2023,,,,,,,,,,,38,,
Jacob Stallings,607732,2023,,,,,,,,,,,2,,
Nick Maton,665155,2023,,,,,,,,,,,47,,
Paul Goldschmidt,502671,2023,91,77,86,82,88,89,78,81,93,37,27,37,89
Gio Urshela,570482,2023,,,,,,,,,,,23,,
Matt Thaiss,642136,2023,,,,,,,,,,,4,,
Dominic Smith,642086,2023,42,53,32,27,54,50,31,7,9,79,14,88,42
Fernando Tatis Jr.,665487,2023,87,87,91,84,76,86,70,89,90,20,94,49,47
Andrew Vaughn,683734,2023,38,44,51,55,27,68,50,73,79,57,11,58,17
Manny Machado,592518,2023,58,48,72,74,37,85,68,77,75,59,24,76,47
Spencer Torkelson,679529,2023,78,47,84,87,61,97,89,87,94,52,51,30,67
Will Benson,666181,2023,,,,,,,,,,,88,,
Bryan Reynolds,668804,2023,84,87,85,77,78,87,72,75,82,32,61,54,47
Bryan De La Cruz,650559,2023,56,80,66,51,45,73,53,60,59,28,60,44,24
JJ Bleday,668709,2023,,,,,,,,,,,44,,
Anthony Santander,623993,2023,38,24,49,66,27,84,65,73,77,61,33,40,49
Zack Gelof,680869,2023,,,,,,,,,,,91,,
Matt Olson,621566,2023,96,66,97,98,92,100,96,99,99,30,22,40,95
Juan Soto,665742,2023,98,90,95,93,99,92,85,96,99,75,37,74,100
Nicky Lopez,670032,2023,,,,,,,,,,,57,,
Nick Castellanos,592206,2023,42,56,65,63,17,85,66,40,63,5,46,21,12
Spencer Steer,668715,2023,60,44,43,44,72,54,32,37,26,57,77,59,72
Casey Schmitt,669477,2023,,,,,,,,,,,67,,
Daniel Vogelbach,596129,2023,,,,,,,,,,,2,,
Joshua Palacios,641943,2023,,,,,,,,,,,72,,
Carlos Santana,467793,2023,27,28,22,25,41,54,32,39,22,68,17,82,76
Jeremy Peña,665161,2023,22,58,18,10,45,22,10,23,20,31,95,61,30
Corbin Carroll,682998,2023,72,74,64,52,79,63,40,63,51,71,99,66,54
Lourdes Gurriel Jr.,666971,2023,49,66,63,54,31,70,50,58,77,84,41,79,13
C.J. Cron,543068,2023,,,,,,,,,,,7,,
Eric Haase,606992,2023,,,,,,,,,,,68,,
Harold Castro,605612,2023,,,,,,,,,,,29,,
CJ Abrams,682928,2023,21,36,33,36,17,58,35,16,20,67,81,67,9
Brandon Nimmo,607043,2023,81,68,72,68,83,81,59,87,83,68,66,55,80
Andrés Giménez,665926,2023,16,32,17,14,27,40,22,1,4,48,93,74,9
Whit Merrifield,593160,2023,5,30,5,5,10,7,3,1,2,82,85,81,19
Luis Matos,682641,2023,,,,,,,,,,,60,,
Blake Sabol,666165,2023,8,1,17,48,2,30,74,44,35,5,52,2,33
Santiago Espinal,669289,2023,,,,,,,,,,,38,,
Mickey Moniak,666160,2023,,,,,,,,,,,83,,
Drew Waters,671221,2023,,,,,,,,,,,84,,
Kevin Newman,621028,2023,,,,,,,,,,,67,,
Justin Turner,457759,2023,63,59,66,63,58,42,23,55,37,91,9,77,44
Byron Buxton,621439,2023,35,4,48,78,20,50,90,84,74,19,94,8,71
Ryan Jeffers,680777,2023,,,,,,,,,,,30,,
Brandon Belt,474832,2023,63,4,62,83,64,54,91,37,45,12,23,1,97
Miguel Vargas,678246,2023,,,,,,,,,,,63,,
Vinnie Pasquantino,686469,2023,,,,,,,,,,,15,,
Travis d'Arnaud,518595,2023,,,,,,,,,,,21,,
Aaron Hicks,543305,2023,,,,,,,,,,,50,,
Bo Bichette,666182,2023,86,98,89,67,77,82,60,68,70,72,42,69,4
Rafael Devers,646240,2023,94,88,96,94,87,92,84,95,98,45,18,67,61
Alex Verdugo,657077,2023,56,86,43,26,71,32,18,49,29,94,48,88,38
Masataka Yoshida,807799,2023,51,80,48,37,49,54,31,42,49,86,23,93,17
Cavan Biggio,624415,2023,,,,,,,,,,,76,,
Gabriel Arias,672356,2023,21,16,39,56,12,26,63,77,77,1,69,4,44
Lane Thomas,657041,2023,38,51,60,61,22,82,60,35,50,63,94,26,10
Jordan Diaz,672478,2023,,,,,,,,,,,9,,
Nathaniel Lowe,663993,2023,67,64,39,30,86,54,30,59,53,74,49,43,90
Danny Jansen,643376,2023,,,,,,,,,,,44,,
Mike Trout,545361,2023,95,84,92,92,94,62,95,89,95,26,96,15,88
Brandon Crawford,543063,2023,,,,,,,,,,,15,,
Christian Walker,572233,2023,67,42,74,76,54,91,75,23,47,42,26,67,61
Travis Jankowski,608671,2023,,,,,,,,,,,89,,
Edmundo Sosa,624641,2023,,,,,,,,,,,93,,
Ketel Marte,606466,2023,70,69,51,41,81,68,46,77,60,75,57,82,80
Keibert Ruiz,660688,2023,45,82,48,34,45,45,25,16,12,97,8,99,12
Nolan Arenado,571448,2023,42,69,58,48,35,63,38,39,32,77,6,84,28
Jose Siri,642350,2023,17,4,65,85,1,48,87,32,30,1,98,1,12
Taylor Walls,670764,2023,6,1,1,7,23,2,8,11,7,39,73,24,89
Brian Anderson,605119,2023,35,18,27,41,37,30,66,19,26,11,25,12,70
Eduardo Escobar,500871,2023,,,,,,,,,,,42,,
Mitch Garver,641598,2023,89,51,87,87,83,45,83,63,57,59,13,36,90
Edouard Julien,666397,2023,72,20,51,68,83,48,86,55,70,26,41,8,98
Chris Taylor,621035,2023,30,10,35,60,29,29,62,7,28,3,73,5,78
Alec Bohm,664761,2023,71,93,69,44,74,45,23,52,55,89,32,88,32
Adam Duvall,594807,2023,21,3,60,84,3,48,85,39,39,18,56,9,21
Ty France,664034,2023,70,75,45,35,82,61,34,18,35,69,7,77,24
Jake Rogers,668670,2023,44,16,68,83,13,42,78,71,73,15,46,5,39
Zach Neto,687263,2023,,,,,,,,,,,59,,
Francisco Lindor,596019,2023,74,51,71,73,71,87,67,79,65,64,71,62,64
Jorge Polanco,593871,2023,76,42,82,86,59,54,88,32,49,50,55,27,76
Andruw Monasterio,655316,2023,,,,,,,,,,,67,,
Jake McCarthy,664983,2023,,,,,,,,,,,98,,
Austin Riley,663586,2023,89,80,92,90,74,98,89,93,89,36,69,34,47
Andrew Benintendi,643217,2023,29,75,21,9,63,11,5,10,4,83,47,91,49
Jake Meyers,676694,2023,9,5,12,30,7,11,29,5,5,40,92,26,39
Julio Rodríguez,677594,2023,72,82,79,72,59,92,77,95,95,32,96,33,26
Akil Baddoo,668731,2023,18,8,19,37,29,11,28,25,25,51,91,30,84
Mookie Betts,605141,2023,97,95,97,95,97,95,82,94,86,92,47,88,93
Yoán Moncada,660162,2023,33,56,49,47,19,32,64,52,37,19,28,12,13
Christian Bethancourt,542194,2023,,,,,,,,,,,52,,
Joey Meneses,608841,2023,10,36,14,12,13,42,21,52,55,60,12,63,16
Patrick Bailey,672275,2023,32,41,45,49,19,32,63,37,33,43,22,17,17
Michael A. Taylor,572191,2023,25,10,56,77,4,58,88,25,32,9,85,3,28
Nick Senzel,669222,2023,,,,,,,,,,,75,,
Rowdy Tellez,642133,2023,25,26,21,23,34,26,52,60,47,69,1,33,70
Oswaldo Cabrera,665828,2023,,,,,,,,,,,63,,
Luke Raley,670042,2023,53,14,62,78,31,54,84,77,74,1,87,7,32
Kris Bryant,592178,2023,,,,,,,,,,,28,,
Mike Yastrzemski,573262,2023,51,19,44,65,54,32,62,63,67,60,40,25,84
Owen Miller,680911,2023,,,,,,,,,,,90,,
Trea Turner,607208,2023,55,69,67,60,43,77,50,60,58,25,99,53,24
Martín Maldonado,455117,2023,1,1,12,47,1,26,51,32,45,7,1,2,37
George Springer,543807,2023,58,66,47,40,64,70,42,29,44,67,62,73,54
Kyle Isbel,664728,2023,,,,,,,,,,,55,,
Joey Wendle,621563,2023,,,,,,,,,,,61,,
Adley Rutschman,668939,2023,93,94,77,56,96,68,39,32,35,94,40,90,91
Xander Bogaerts,593428,2023,37,51,35,32,51,54,27,19,18,75,57,84,49
Kyle Tucker,663656,2023,95,94,93,88,94,89,68,68,75,86,32,94,85
Jazz Chisholm Jr.,665862,2023,26,12,55,75,4,50,79,69,56,4,78,10,30
Ryan Noda,676116,2023,61,5,28,58,80,58,85,79,71,2,49,2,98
Bryson Stott,681082,2023,28,72,25,13,41,32,14,25,19,95,88,87,19
Josh Rojas,668942,2023,6,16,4,8,11,4,9,14,7,57,35,41,39
Nick Fortes,663743,2023,,,,,,,,,,,56,,
Aaron Judge,592450,2023,100,92,100,100,100,98,100,100,100,2,33,16,100
Connor Wong,657136,2023,4,4,14,34,1,30,56,44,30,12,76,4,12
Ozzie Albies,645277,2023,68,69,77,72,51,77,48,37,37,74,54,85,33
Nolan Jones,666134,2023,85,41,88,92,79,70,94,65,53,14,78,13,88
Jarred Kelenic,672284,2023,60,66,58,48,68,32,59,75,73,9,66,7,68
Jorge Mateo,622761,2023,11,28,19,20,9,9,20,32,34,36,99,37,23
Jarren Duran,680776,2023,38,74,35,23,49,9,20,60,77,55,96,30,26
Seth Brown,664913,2023,45,24,69,81,17,54,79,72,79,17,51,23,41
Ildemaro Vargas,545121,2023,,,,,,,,,,,40,,
Elly De La Cruz,682829,2023,20,28,27,35,23,29,51,79,75,23,100,3,46
Brett Baty,683146,2023,17,24,24,31,16,25,42,55,69,16,49,18,38
Ji Hwan Bae,678225,2023,1,10,1,1,9,1,2,25,25,55,97,32,44
Christian Vázquez,543877,2023,2,14,4,7,5,3,7,11,14,43,8,41,33
Starling Marte,516782,2023,30,61,35,27,32,11,23,28,41,38,44,61,4
Giancarlo Stanton,519317,2023,51,9,75,89,19,73,94,96,86,7,4,12,68
Ramón Laureano,657656,2023,26,19,23,32,29,37,62,28,20,27,64,18,46
Gleyber Torres,650402,2023,85,88,80,70,83,76,44,58,47,70,27,91,70
Gavin Sheets,657757,2023,1,3,8,18,3,9,19,25,13,70,31,67,44
Matt McLain,680574,2023,58,53,60,60,53,45,70,50,59,35,90,16,39
Vladimir Guerrero Jr.,665489,2023,94,96,87,74,92,91,72,91,89,63,27,90,67
Nick Madrigal,663611,2023,,,,,,,,,,,64,,
Kyle Farmer,571657,2023,32,44,38,38,32,19,32,8,14,62,31,38,21
Paul DeJong,657557,2023,6,9,14,28,2,19,32,2,15,5,37,11,10
Joey Wiemer,686894,2023,11,2,18,41,8,32,56,50,39,9,89,17,54
Aledmys Díaz,649557,2023,3,22,4,5,9,2,4,20,16,67,18,67,6
Brenton Doyle,686668,2023,1,1,9,30,1,30,52,29,19,4,98,1,8
Mike Tauchman,643565,2023,72,72,34,22,93,11,22,32,45,53,49,55,94
Jesús Sánchez,660821,2023,79,75,80,75,74,58,79,71,77,22,54,23,61
Jean Segura,516416,2023,,,,,,,,,,,52,,